mesure,indicateur,id_indicateur,code_departement,libelle_departement,valeur_actuelle,date_valeur_actuelle,valeur_initiale,date_valeur_initiale,progression,pourcentage_progression,progression_derniere_maj,pourcentage_progression_derniere_maj,progression_derniere_maj_date,cible,pourcentage_cible,date_cible,unite
Assurer une bonne couverture en internet fixe et en téléphonie mobile pour tous les Français d'ici 2022,Taux de déploiement de la fibre,taux-deploiement-fibre,01,Ain,50,2021,36,2017,14.0,39.0,48.0,4.0,2020,0,0,0,% de déploiement
Assurer une bonne couverture en internet fixe et en téléphonie mobile pour tous les Français d'ici 2022,Taux de déploiement de la fibre,taux-deploiement-fibre,02,Aisne,88,2021,20,2017,68.0,340.0,75.0,17.0,2020,0,0,0,% de déploiement
Assurer une bonne couverture en internet fixe et en téléphonie mobile pour tous les Français d'ici 2022,Taux de déploiement de la fibre,taux-deploiement-fibre,03,Allier,64,2021,18,2017,46.0,256.0,45.0,42.0,2020,0,0,0,% de déploiement
Assurer une bonne couverture en internet fixe et en téléphonie mobile pour tous les Français d'ici 2022,Taux de déploiement de la fibre,taux-deploiement-fibre,04,Alpes-de-Haute-Provence,42,2021,4,2017,38.0,950.0,15.0,180.0,2020,0,0,0,% de déploiement
Assurer une bonne couverture en internet fixe et en téléphonie mobile pour tous les Français d'ici 2022,Taux de déploiement de la fibre,taux-deploiement-fibre,05,Hautes-Alpes,39,2021,8,2017,31.0,388.0,15.0,160.0,2020,0,0,0,% de déploiement
Assurer une bonne couverture en internet fixe et en téléphonie mobile pour tous les Français d'ici 2022,Taux de déploiement de la fibre,taux-deploiement-fibre,06,Alpes-Maritimes,78,2021,40,2017,38.0,95.0,67.0,16.0,2020,0,0,0,% de déploiement
Assurer une bonne couverture en internet fixe et en téléphonie mobile pour tous les Français d'ici 2022,Taux de déploiement de la fibre,taux-deploiement-fibre,07,Ardèche,22,2021,5,2017,17.0,340.0,9.0,144.0,2020,0,0,0,% de déploiement
Assurer une bonne couverture en internet fixe et en téléphonie mobile pour tous les Français d'ici 2022,Taux de déploiement de la fibre,taux-deploiement-fibre,08,Ardennes,60,2021,11,2017,49.0,445.0,40.0,50.0,2020,0,0,0,% de déploiement
Assurer une bonne couverture en internet fixe et en téléphonie mobile pour tous les Français d'ici 2022,Taux de déploiement de la fibre,taux-deploiement-fibre,09,Ariège,54,2021,4,2017,50.0,1250.0,35.0,54.0,2020,0,0,0,% de déploiement
Assurer une bonne couverture en internet fixe et en téléphonie mobile pour tous les Français d'ici 2022,Taux de déploiement de la fibre,taux-deploiement-fibre,10,Aube,66,2021,9,2017,57.0,633.0,38.0,74.0,2020,0,0,0,% de déploiement
Assurer une bonne couverture en internet fixe et en téléphonie mobile pour tous les Français d'ici 2022,Taux de déploiement de la fibre,taux-deploiement-fibre,11,Aude,59,2021,7,2017,52.0,743.0,29.0,103.0,2020,0,0,0,% de déploiement
Assurer une bonne couverture en internet fixe et en téléphonie mobile pour tous les Français d'ici 2022,Taux de déploiement de la fibre,taux-deploiement-fibre,12,Aveyron,59,2021,3,2017,56.0,1867.0,35.0,69.0,2020,0,0,0,% de déploiement
Assurer une bonne couverture en internet fixe et en téléphonie mobile pour tous les Français d'ici 2022,Taux de déploiement de la fibre,taux-deploiement-fibre,13,Bouches-du-Rhône,74,2021,34,2017,40.0,118.0,65.0,14.0,2020,0,0,0,% de déploiement
Assurer une bonne couverture en internet fixe et en téléphonie mobile pour tous les Français d'ici 2022,Taux de déploiement de la fibre,taux-deploiement-fibre,14,Calvados,80,2021,42,2017,38.0,90.0,70.0,14.0,2020,0,0,0,% de déploiement
Assurer une bonne couverture en internet fixe et en téléphonie mobile pour tous les Français d'ici 2022,Taux de déploiement de la fibre,taux-deploiement-fibre,15,Cantal,61,2021,21,2017,40.0,190.0,45.0,36.0,2020,0,0,0,% de déploiement
Assurer une bonne couverture en internet fixe et en téléphonie mobile pour tous les Français d'ici 2022,Taux de déploiement de la fibre,taux-deploiement-fibre,16,Charente,52,2021,8,2017,44.0,550.0,31.0,68.0,2020,0,0,0,% de déploiement
Assurer une bonne couverture en internet fixe et en téléphonie mobile pour tous les Français d'ici 2022,Taux de déploiement de la fibre,taux-deploiement-fibre,17,Charente-Maritime,68,2021,12,2017,56.0,467.0,49.0,39.0,2020,0,0,0,% de déploiement
Assurer une bonne couverture en internet fixe et en téléphonie mobile pour tous les Français d'ici 2022,Taux de déploiement de la fibre,taux-deploiement-fibre,18,Cher,65,2021,16,2017,49.0,306.0,47.0,38.0,2020,0,0,0,% de déploiement
Assurer une bonne couverture en internet fixe et en téléphonie mobile pour tous les Français d'ici 2022,Taux de déploiement de la fibre,taux-deploiement-fibre,19,Corrèze,92,2021,10,2017,82.0,820.0,27.0,241.0,2020,0,0,0,% de déploiement
Assurer une bonne couverture en internet fixe et en téléphonie mobile pour tous les Français d'ici 2022,Taux de déploiement de la fibre,taux-deploiement-fibre,21,Côte-d'Or,58,2021,26,2017,32.0,123.0,48.0,21.0,2020,0,0,0,% de déploiement
Assurer une bonne couverture en internet fixe et en téléphonie mobile pour tous les Français d'ici 2022,Taux de déploiement de la fibre,taux-deploiement-fibre,22,Côtes-d'Armor,27,2021,10,2017,17.0,170.0,22.0,23.0,2020,0,0,0,% de déploiement
Assurer une bonne couverture en internet fixe et en téléphonie mobile pour tous les Français d'ici 2022,Taux de déploiement de la fibre,taux-deploiement-fibre,23,Creuse,37,2021,2,2017,35.0,1750.0,14.0,164.0,2020,0,0,0,% de déploiement
Assurer une bonne couverture en internet fixe et en téléphonie mobile pour tous les Français d'ici 2022,Taux de déploiement de la fibre,taux-deploiement-fibre,24,Dordogne,19,2021,2,2017,17.0,850.0,11.0,73.0,2020,0,0,0,% de déploiement
Assurer une bonne couverture en internet fixe et en téléphonie mobile pour tous les Français d'ici 2022,Taux de déploiement de la fibre,taux-deploiement-fibre,25,Doubs,74,2021,27,2017,47.0,174.0,59.0,25.0,2020,0,0,0,% de déploiement
Assurer une bonne couverture en internet fixe et en téléphonie mobile pour tous les Français d'ici 2022,Taux de déploiement de la fibre,taux-deploiement-fibre,26,Drôme,46,2021,14,2017,32.0,229.0,31.0,48.0,2020,0,0,0,% de déploiement
Assurer une bonne couverture en internet fixe et en téléphonie mobile pour tous les Français d'ici 2022,Taux de déploiement de la fibre,taux-deploiement-fibre,27,Eure,50,2021,6,2017,44.0,733.0,26.0,92.0,2020,0,0,0,% de déploiement
Assurer une bonne couverture en internet fixe et en téléphonie mobile pour tous les Français d'ici 2022,Taux de déploiement de la fibre,taux-deploiement-fibre,28,Eure-et-Loir,74,2021,25,2017,49.0,196.0,57.0,30.0,2020,0,0,0,% de déploiement
Assurer une bonne couverture en internet fixe et en téléphonie mobile pour tous les Français d'ici 2022,Taux de déploiement de la fibre,taux-deploiement-fibre,29,Finistère,39,2021,22,2017,17.0,77.0,36.0,8.0,2020,0,0,0,% de déploiement
Assurer une bonne couverture en internet fixe et en téléphonie mobile pour tous les Français d'ici 2022,Taux de déploiement de la fibre,taux-deploiement-fibre,2A,Corse-du-Sud,49,2021,26,2017,23.0,88.0,38.0,29.0,2020,0,0,0,% de déploiement
Assurer une bonne couverture en internet fixe et en téléphonie mobile pour tous les Français d'ici 2022,Taux de déploiement de la fibre,taux-deploiement-fibre,2B,Haute-Corse,46,2021,8,2017,38.0,475.0,27.0,70.0,2020,0,0,0,% de déploiement
Assurer une bonne couverture en internet fixe et en téléphonie mobile pour tous les Français d'ici 2022,Taux de déploiement de la fibre,taux-deploiement-fibre,30,Gard,61,2021,11,2017,50.0,455.0,35.0,74.0,2020,0,0,0,% de déploiement
Assurer une bonne couverture en internet fixe et en téléphonie mobile pour tous les Français d'ici 2022,Taux de déploiement de la fibre,taux-deploiement-fibre,31,Haute-Garonne,73,2021,38,2017,35.0,92.0,60.0,22.0,2020,0,0,0,% de déploiement
Assurer une bonne couverture en internet fixe et en téléphonie mobile pour tous les Français d'ici 2022,Taux de déploiement de la fibre,taux-deploiement-fibre,32,Gers,54,2021,6,2017,48.0,800.0,46.0,17.0,2020,0,0,0,% de déploiement
Assurer une bonne couverture en internet fixe et en téléphonie mobile pour tous les Français d'ici 2022,Taux de déploiement de la fibre,taux-deploiement-fibre,33,Gironde,65,2021,31,2017,34.0,110.0,54.0,20.0,2020,0,0,0,% de déploiement
Assurer une bonne couverture en internet fixe et en téléphonie mobile pour tous les Français d'ici 2022,Taux de déploiement de la fibre,taux-deploiement-fibre,34,Hérault,72,2021,25,2017,47.0,188.0,55.0,31.0,2020,0,0,0,% de déploiement
Assurer une bonne couverture en internet fixe et en téléphonie mobile pour tous les Français d'ici 2022,Taux de déploiement de la fibre,taux-deploiement-fibre,35,Ille-et-Vilaine,56,2021,22,2017,34.0,155.0,49.0,14.0,2020,0,0,0,% de déploiement
Assurer une bonne couverture en internet fixe et en téléphonie mobile pour tous les Français d'ici 2022,Taux de déploiement de la fibre,taux-deploiement-fibre,36,Indre,62,2021,6,2017,56.0,933.0,44.0,41.0,2020,0,0,0,% de déploiement
Assurer une bonne couverture en internet fixe et en téléphonie mobile pour tous les Français d'ici 2022,Taux de déploiement de la fibre,taux-deploiement-fibre,37,Indre-et-Loire,59,2021,24,2017,35.0,146.0,46.0,28.0,2020,0,0,0,% de déploiement
Assurer une bonne couverture en internet fixe et en téléphonie mobile pour tous les Français d'ici 2022,Taux de déploiement de la fibre,taux-deploiement-fibre,38,Isère,56,2021,20,2017,36.0,180.0,50.0,12.0,2020,0,0,0,% de déploiement
Assurer une bonne couverture en internet fixe et en téléphonie mobile pour tous les Français d'ici 2022,Taux de déploiement de la fibre,taux-deploiement-fibre,39,Jura,26,2021,3,2017,23.0,767.0,16.0,62.0,2020,0,0,0,% de déploiement
Assurer une bonne couverture en internet fixe et en téléphonie mobile pour tous les Français d'ici 2022,Taux de déploiement de la fibre,taux-deploiement-fibre,40,Landes,30,2021,15,2017,15.0,100.0,24.0,25.0,2020,0,0,0,% de déploiement
Assurer une bonne couverture en internet fixe et en téléphonie mobile pour tous les Français d'ici 2022,Taux de déploiement de la fibre,taux-deploiement-fibre,41,Loir-et-Cher,48,2021,10,2017,38.0,380.0,27.0,78.0,2020,0,0,0,% de déploiement
Assurer une bonne couverture en internet fixe et en téléphonie mobile pour tous les Français d'ici 2022,Taux de déploiement de la fibre,taux-deploiement-fibre,42,Loire,88,2021,32,2017,56.0,175.0,78.0,13.0,2020,0,0,0,% de déploiement
Assurer une bonne couverture en internet fixe et en téléphonie mobile pour tous les Français d'ici 2022,Taux de déploiement de la fibre,taux-deploiement-fibre,43,Haute-Loire,62,2021,28,2017,34.0,121.0,48.0,29.0,2020,0,0,0,% de déploiement
Assurer une bonne couverture en internet fixe et en téléphonie mobile pour tous les Français d'ici 2022,Taux de déploiement de la fibre,taux-deploiement-fibre,44,Loire-Atlantique,62,2021,21,2017,41.0,195.0,49.0,27.0,2020,0,0,0,% de déploiement
Assurer une bonne couverture en internet fixe et en téléphonie mobile pour tous les Français d'ici 2022,Taux de déploiement de la fibre,taux-deploiement-fibre,45,Loiret,62,2021,23,2017,39.0,170.0,58.0,7.0,2020,0,0,0,% de déploiement
Assurer une bonne couverture en internet fixe et en téléphonie mobile pour tous les Français d'ici 2022,Taux de déploiement de la fibre,taux-deploiement-fibre,46,Lot,60,2021,2,2017,58.0,2900.0,37.0,62.0,2020,0,0,0,% de déploiement
Assurer une bonne couverture en internet fixe et en téléphonie mobile pour tous les Français d'ici 2022,Taux de déploiement de la fibre,taux-deploiement-fibre,47,Lot-et-Garonne,41,2021,5,2017,36.0,720.0,24.0,71.0,2020,0,0,0,% de déploiement
Assurer une bonne couverture en internet fixe et en téléphonie mobile pour tous les Français d'ici 2022,Taux de déploiement de la fibre,taux-deploiement-fibre,48,Lozère,53,2021,4,2017,49.0,1225.0,31.0,71.0,2020,0,0,0,% de déploiement
Assurer une bonne couverture en internet fixe et en téléphonie mobile pour tous les Français d'ici 2022,Taux de déploiement de la fibre,taux-deploiement-fibre,49,Maine-et-Loire,64,2021,19,2017,45.0,237.0,43.0,49.0,2020,0,0,0,% de déploiement
Assurer une bonne couverture en internet fixe et en téléphonie mobile pour tous les Français d'ici 2022,Taux de déploiement de la fibre,taux-deploiement-fibre,50,Manche,39,2021,12,2017,27.0,225.0,32.0,22.0,2020,0,0,0,% de déploiement
Assurer une bonne couverture en internet fixe et en téléphonie mobile pour tous les Français d'ici 2022,Taux de déploiement de la fibre,taux-deploiement-fibre,51,Marne,72,2021,25,2017,47.0,188.0,53.0,36.0,2020,0,0,0,% de déploiement
Assurer une bonne couverture en internet fixe et en téléphonie mobile pour tous les Français d'ici 2022,Taux de déploiement de la fibre,taux-deploiement-fibre,52,Haute-Marne,53,2021,5,2017,48.0,960.0,24.0,121.0,2020,0,0,0,% de déploiement
Assurer une bonne couverture en internet fixe et en téléphonie mobile pour tous les Français d'ici 2022,Taux de déploiement de la fibre,taux-deploiement-fibre,53,Mayenne,73,2021,29,2017,44.0,152.0,52.0,40.0,2020,0,0,0,% de déploiement
Assurer une bonne couverture en internet fixe et en téléphonie mobile pour tous les Français d'ici 2022,Taux de déploiement de la fibre,taux-deploiement-fibre,54,Meurthe-et-Moselle,63,2021,21,2017,42.0,200.0,49.0,29.0,2020,0,0,0,% de déploiement
Assurer une bonne couverture en internet fixe et en téléphonie mobile pour tous les Français d'ici 2022,Taux de déploiement de la fibre,taux-deploiement-fibre,55,Meuse,51,2021,6,2017,45.0,750.0,31.0,65.0,2020,0,0,0,% de déploiement
Assurer une bonne couverture en internet fixe et en téléphonie mobile pour tous les Français d'ici 2022,Taux de déploiement de la fibre,taux-deploiement-fibre,56,Morbihan,42,2021,16,2017,26.0,162.0,33.0,27.0,2020,0,0,0,% de déploiement
Assurer une bonne couverture en internet fixe et en téléphonie mobile pour tous les Français d'ici 2022,Taux de déploiement de la fibre,taux-deploiement-fibre,57,Moselle,75,2021,33,2017,42.0,127.0,59.0,27.0,2020,0,0,0,% de déploiement
Assurer une bonne couverture en internet fixe et en téléphonie mobile pour tous les Français d'ici 2022,Taux de déploiement de la fibre,taux-deploiement-fibre,58,Nièvre,28,2021,5,2017,23.0,460.0,15.0,87.0,2020,0,0,0,% de déploiement
Assurer une bonne couverture en internet fixe et en téléphonie mobile pour tous les Français d'ici 2022,Taux de déploiement de la fibre,taux-deploiement-fibre,59,Nord,87,2021,21,2017,66.0,314.0,72.0,21.0,2020,0,0,0,% de déploiement
Assurer une bonne couverture en internet fixe et en téléphonie mobile pour tous les Français d'ici 2022,Taux de déploiement de la fibre,taux-deploiement-fibre,60,Oise,96,2021,46,2017,50.0,109.0,91.0,5.0,2020,0,0,0,% de déploiement
Assurer une bonne couverture en internet fixe et en téléphonie mobile pour tous les Français d'ici 2022,Taux de déploiement de la fibre,taux-deploiement-fibre,61,Orne,32,2021,10,2017,22.0,220.0,23.0,39.0,2020,0,0,0,% de déploiement
Assurer une bonne couverture en internet fixe et en téléphonie mobile pour tous les Français d'ici 2022,Taux de déploiement de la fibre,taux-deploiement-fibre,62,Pas-de-Calais,90,2021,15,2017,75.0,500.0,75.0,20.0,2020,0,0,0,% de déploiement
Assurer une bonne couverture en internet fixe et en téléphonie mobile pour tous les Français d'ici 2022,Taux de déploiement de la fibre,taux-deploiement-fibre,63,Puy-de-Dôme,65,2021,22,2017,43.0,195.0,48.0,35.0,2020,0,0,0,% de déploiement
Assurer une bonne couverture en internet fixe et en téléphonie mobile pour tous les Français d'ici 2022,Taux de déploiement de la fibre,taux-deploiement-fibre,64,Pyrénées-Atlantiques,67,2021,30,2017,37.0,123.0,52.0,29.0,2020,0,0,0,% de déploiement
Assurer une bonne couverture en internet fixe et en téléphonie mobile pour tous les Français d'ici 2022,Taux de déploiement de la fibre,taux-deploiement-fibre,65,Hautes-Pyrénées,60,2021,9,2017,51.0,567.0,44.0,36.0,2020,0,0,0,% de déploiement
Assurer une bonne couverture en internet fixe et en téléphonie mobile pour tous les Français d'ici 2022,Taux de déploiement de la fibre,taux-deploiement-fibre,66,Pyrénées-Orientales,59,2021,17,2017,42.0,247.0,39.0,51.0,2020,0,0,0,% de déploiement
Assurer une bonne couverture en internet fixe et en téléphonie mobile pour tous les Français d'ici 2022,Taux de déploiement de la fibre,taux-deploiement-fibre,67,Bas-Rhin,78,2021,30,2017,48.0,160.0,63.0,24.0,2020,0,0,0,% de déploiement
Assurer une bonne couverture en internet fixe et en téléphonie mobile pour tous les Français d'ici 2022,Taux de déploiement de la fibre,taux-deploiement-fibre,68,Haut-Rhin,80,2021,18,2017,62.0,344.0,66.0,21.0,2020,0,0,0,% de déploiement
Assurer une bonne couverture en internet fixe et en téléphonie mobile pour tous les Français d'ici 2022,Taux de déploiement de la fibre,taux-deploiement-fibre,69,Rhône,87,2021,59,2017,28.0,47.0,79.0,10.0,2020,0,0,0,% de déploiement
Assurer une bonne couverture en internet fixe et en téléphonie mobile pour tous les Français d'ici 2022,Taux de déploiement de la fibre,taux-deploiement-fibre,70,Haute-Saône,28,2021,3,2017,25.0,833.0,12.0,133.0,2020,0,0,0,% de déploiement
Assurer une bonne couverture en internet fixe et en téléphonie mobile pour tous les Français d'ici 2022,Taux de déploiement de la fibre,taux-deploiement-fibre,71,Saône-et-Loire,43,2021,9,2017,34.0,378.0,25.0,72.0,2020,0,0,0,% de déploiement
Assurer une bonne couverture en internet fixe et en téléphonie mobile pour tous les Français d'ici 2022,Taux de déploiement de la fibre,taux-deploiement-fibre,72,Sarthe,71,2021,22,2017,49.0,223.0,51.0,39.0,2020,0,0,0,% de déploiement
Assurer une bonne couverture en internet fixe et en téléphonie mobile pour tous les Français d'ici 2022,Taux de déploiement de la fibre,taux-deploiement-fibre,73,Savoie,30,2021,9,2017,21.0,233.0,24.0,25.0,2020,0,0,0,% de déploiement
Assurer une bonne couverture en internet fixe et en téléphonie mobile pour tous les Français d'ici 2022,Taux de déploiement de la fibre,taux-deploiement-fibre,74,Haute-Savoie,42,2021,9,2017,33.0,367.0,31.0,35.0,2020,0,0,0,% de déploiement
Assurer une bonne couverture en internet fixe et en téléphonie mobile pour tous les Français d'ici 2022,Taux de déploiement de la fibre,taux-deploiement-fibre,75,Paris,96,2021,97,2017,-1.0,-1.0,95.0,1.0,2020,0,0,0,% de déploiement
Assurer une bonne couverture en internet fixe et en téléphonie mobile pour tous les Français d'ici 2022,Taux de déploiement de la fibre,taux-deploiement-fibre,76,Seine-Maritime,64,2021,19,2017,45.0,237.0,47.0,36.0,2020,0,0,0,% de déploiement
Assurer une bonne couverture en internet fixe et en téléphonie mobile pour tous les Français d'ici 2022,Taux de déploiement de la fibre,taux-deploiement-fibre,77,Seine-et-Marne,80,2021,27,2017,53.0,196.0,74.0,8.0,2020,0,0,0,% de déploiement
Assurer une bonne couverture en internet fixe et en téléphonie mobile pour tous les Français d'ici 2022,Taux de déploiement de la fibre,taux-deploiement-fibre,78,Yvelines,93,2021,45,2017,48.0,107.0,82.0,13.0,2020,0,0,0,% de déploiement
Assurer une bonne couverture en internet fixe et en téléphonie mobile pour tous les Français d'ici 2022,Taux de déploiement de la fibre,taux-deploiement-fibre,79,Deux-Sèvres,39,2021,13,2017,26.0,200.0,26.0,50.0,2020,0,0,0,% de déploiement
Assurer une bonne couverture en internet fixe et en téléphonie mobile pour tous les Français d'ici 2022,Taux de déploiement de la fibre,taux-deploiement-fibre,80,Somme,56,2021,15,2017,41.0,273.0,44.0,27.0,2020,0,0,0,% de déploiement
Assurer une bonne couverture en internet fixe et en téléphonie mobile pour tous les Français d'ici 2022,Taux de déploiement de la fibre,taux-deploiement-fibre,81,Tarn,51,2021,11,2017,40.0,364.0,25.0,104.0,2020,0,0,0,% de déploiement
Assurer une bonne couverture en internet fixe et en téléphonie mobile pour tous les Français d'ici 2022,Taux de déploiement de la fibre,taux-deploiement-fibre,82,Tarn-et-Garonne,56,2021,17,2017,39.0,229.0,28.0,100.0,2020,0,0,0,% de déploiement
Assurer une bonne couverture en internet fixe et en téléphonie mobile pour tous les Français d'ici 2022,Taux de déploiement de la fibre,taux-deploiement-fibre,83,Var,61,2021,12,2017,49.0,408.0,44.0,39.0,2020,0,0,0,% de déploiement
Assurer une bonne couverture en internet fixe et en téléphonie mobile pour tous les Français d'ici 2022,Taux de déploiement de la fibre,taux-deploiement-fibre,84,Vaucluse,77,2021,15,2017,62.0,413.0,57.0,35.0,2020,0,0,0,% de déploiement
Assurer une bonne couverture en internet fixe et en téléphonie mobile pour tous les Français d'ici 2022,Taux de déploiement de la fibre,taux-deploiement-fibre,85,Vendée,35,2021,5,2017,30.0,600.0,24.0,46.0,2020,0,0,0,% de déploiement
Assurer une bonne couverture en internet fixe et en téléphonie mobile pour tous les Français d'ici 2022,Taux de déploiement de la fibre,taux-deploiement-fibre,86,Vienne,49,2021,16,2017,33.0,206.0,37.0,32.0,2020,0,0,0,% de déploiement
Assurer une bonne couverture en internet fixe et en téléphonie mobile pour tous les Français d'ici 2022,Taux de déploiement de la fibre,taux-deploiement-fibre,87,Haute-Vienne,54,2021,25,2017,29.0,116.0,41.0,32.0,2020,0,0,0,% de déploiement
Assurer une bonne couverture en internet fixe et en téléphonie mobile pour tous les Français d'ici 2022,Taux de déploiement de la fibre,taux-deploiement-fibre,88,Vosges,49,2021,2,2017,47.0,2350.0,22.0,123.0,2020,0,0,0,% de déploiement
Assurer une bonne couverture en internet fixe et en téléphonie mobile pour tous les Français d'ici 2022,Taux de déploiement de la fibre,taux-deploiement-fibre,89,Yonne,29,2021,5,2017,24.0,480.0,19.0,53.0,2020,0,0,0,% de déploiement
Assurer une bonne couverture en internet fixe et en téléphonie mobile pour tous les Français d'ici 2022,Taux de déploiement de la fibre,taux-deploiement-fibre,90,Territoire de Belfort,79,2021,13,2017,66.0,508.0,64.0,23.0,2020,0,0,0,% de déploiement
Assurer une bonne couverture en internet fixe et en téléphonie mobile pour tous les Français d'ici 2022,Taux de déploiement de la fibre,taux-deploiement-fibre,91,Essonne,93,2021,39,2017,54.0,138.0,84.0,11.0,2020,0,0,0,% de déploiement
Assurer une bonne couverture en internet fixe et en téléphonie mobile pour tous les Français d'ici 2022,Taux de déploiement de la fibre,taux-deploiement-fibre,92,Hauts-de-Seine,93,2021,86,2017,7.0,8.0,92.0,1.0,2020,0,0,0,% de déploiement
Assurer une bonne couverture en internet fixe et en téléphonie mobile pour tous les Français d'ici 2022,Taux de déploiement de la fibre,taux-deploiement-fibre,93,Seine-Saint-Denis,87,2021,48,2017,39.0,81.0,79.0,10.0,2020,0,0,0,% de déploiement
Assurer une bonne couverture en internet fixe et en téléphonie mobile pour tous les Français d'ici 2022,Taux de déploiement de la fibre,taux-deploiement-fibre,94,Val-de-Marne,90,2021,51,2017,39.0,76.0,80.0,12.0,2020,0,0,0,% de déploiement
Assurer une bonne couverture en internet fixe et en téléphonie mobile pour tous les Français d'ici 2022,Taux de déploiement de la fibre,taux-deploiement-fibre,95,Val-d'Oise,94,2021,47,2017,47.0,100.0,88.0,7.0,2020,0,0,0,% de déploiement
Assurer une bonne couverture en internet fixe et en téléphonie mobile pour tous les Français d'ici 2022,Taux de déploiement de la fibre,taux-deploiement-fibre,971,Guadeloupe,30,2021,13,2017,17.0,131.0,20.0,50.0,2020,0,0,0,% de déploiement
Assurer une bonne couverture en internet fixe et en téléphonie mobile pour tous les Français d'ici 2022,Taux de déploiement de la fibre,taux-deploiement-fibre,972,Martinique,28,2021,7,2017,21.0,300.0,19.0,47.0,2020,0,0,0,% de déploiement
Assurer une bonne couverture en internet fixe et en téléphonie mobile pour tous les Français d'ici 2022,Taux de déploiement de la fibre,taux-deploiement-fibre,973,Guyane,41,2021,9,2017,32.0,356.0,21.0,95.0,2020,0,0,0,% de déploiement
Assurer une bonne couverture en internet fixe et en téléphonie mobile pour tous les Français d'ici 2022,Taux de déploiement de la fibre,taux-deploiement-fibre,974,La Réunion,88,2021,53,2017,35.0,66.0,82.0,7.0,2020,0,0,0,% de déploiement
Assurer une bonne couverture en internet fixe et en téléphonie mobile pour tous les Français d'ici 2022,Taux de déploiement de la fibre,taux-deploiement-fibre,976,Mayotte,0,2020,0,2017,0.0,0.0,0.0,0.0,0,0,0,0,% de déploiement
